{
  "target": "disorder",
  "features": [
    "gender",
    "age",
    "Latency start sleep to REM [min]",
    "Arousal index",
    "NoREM1%",
    "NoREM2%",
    "NoREM3%",
    "REM%",
    "sleep time",
    "sleep latency",
    "bmi"
  ],
  "best_model_name": "lightgbm",
  "best_run_id": "dee0a9636f304d8a95d595dbec6bbb49",
  "threshold": 0.25,
  "primary_metric": "f1_positive",
  "preprocessing_order": [
    "scaler",
    "imputer"
  ],
  "leaderboard": [
    {
      "model_name": "lightgbm",
      "accuracy": 0.7566964285714286,
      "balanced_accuracy": 0.6150030126531432,
      "f1_positive": 0.3312883435582822,
      "recall_positive": 0.4153846153846154,
      "precision_positive": 0.2755102040816326,
      "roc_auc": 0.6578429403494677
    },
    {
      "model_name": "random_forest",
      "accuracy": 0.6964285714285714,
      "balanced_accuracy": 0.5861417955412733,
      "f1_positive": 0.2916666666666667,
      "recall_positive": 0.4307692307692308,
      "precision_positive": 0.2204724409448819,
      "roc_auc": 0.6528419361317533
    },
    {
      "model_name": "logistic_regression",
      "accuracy": 0.14508928571428573,
      "balanced_accuracy": 0.49361317533641297,
      "f1_positive": 0.25048923679060664,
      "recall_positive": 0.9846153846153847,
      "precision_positive": 0.14349775784753363,
      "roc_auc": 0.591685077324764
    }
  ]
}